modern_descriptor_slot,reference_token,canonical_original_slot,height_tuple_native_expressions,operation_modes_reference,parameter_evidence,source_url
0,spiral_rc,0,19;24;9;11,continuousCircuit;continuousCircuitBlockSectioned,reconstructed implementation; symbols preserved; original unresolved,https://github.com/OpenRCT2/OpenRCT2/blob/11513222890717e81431c83a28aafb7555f2ccd2/src/openrct2/ride/rtd/coaster/SpiralRollerCoaster.h
1,stand_up_rc,1,25;24;9;11,continuousCircuit;continuousCircuitBlockSectioned,reconstructed implementation; symbols preserved; original unresolved,https://github.com/OpenRCT2/OpenRCT2/blob/11513222890717e81431c83a28aafb7555f2ccd2/src/openrct2/ride/rtd/coaster/StandUpRollerCoaster.h
2,suspended_swinging_rc,2,24;40;29;8,continuousCircuit;continuousCircuitBlockSectioned,reconstructed implementation; symbols preserved; original unresolved,https://github.com/OpenRCT2/OpenRCT2/blob/11513222890717e81431c83a28aafb7555f2ccd2/src/openrct2/ride/rtd/coaster/SuspendedSwingingCoaster.h
3,inverted_rc,3,42;40;29;8,continuousCircuit;continuousCircuitBlockSectioned;poweredLaunchPassthrough;poweredLaunch,reconstructed implementation; symbols preserved; original unresolved,https://github.com/OpenRCT2/OpenRCT2/blob/11513222890717e81431c83a28aafb7555f2ccd2/src/openrct2/ride/rtd/coaster/InvertedRollerCoaster.h
4,junior_rc,4,12;24;4;7,continuousCircuit;continuousCircuitBlockSectioned,reconstructed implementation; symbols preserved; original unresolved,https://github.com/OpenRCT2/OpenRCT2/blob/11513222890717e81431c83a28aafb7555f2ccd2/src/openrct2/ride/rtd/coaster/JuniorRollerCoaster.h
5,miniature_railway,5,7;32;5;9,continuousCircuit;shuttle,reconstructed implementation; symbols preserved; original unresolved,https://github.com/OpenRCT2/OpenRCT2/blob/11513222890717e81431c83a28aafb7555f2ccd2/src/openrct2/ride/rtd/transport/MiniatureRailway.h
6,monorail,6,8;32;8;9,continuousCircuit;shuttle,reconstructed implementation; symbols preserved; original unresolved,https://github.com/OpenRCT2/OpenRCT2/blob/11513222890717e81431c83a28aafb7555f2ccd2/src/openrct2/ride/rtd/transport/Monorail.h
7,mini_suspended_rc,7,10;24;24;8,continuousCircuit,reconstructed implementation; symbols preserved; original unresolved,https://github.com/OpenRCT2/OpenRCT2/blob/11513222890717e81431c83a28aafb7555f2ccd2/src/openrct2/ride/rtd/coaster/MiniSuspendedCoaster.h
8,boat_hire,8,255;16;0;3,boatHire,reconstructed implementation; symbols preserved; original unresolved,https://github.com/OpenRCT2/OpenRCT2/blob/11513222890717e81431c83a28aafb7555f2ccd2/src/openrct2/ride/rtd/water/BoatHire.h
9,wooden_wild_mouse,9,14;24;4;7,continuousCircuit,reconstructed implementation; symbols preserved; original unresolved,https://github.com/OpenRCT2/OpenRCT2/blob/11513222890717e81431c83a28aafb7555f2ccd2/src/openrct2/ride/rtd/coaster/WoodenWildMouse.h
10,steeplechase,10,14;24;7;7,continuousCircuit;continuousCircuitBlockSectioned,reconstructed implementation; symbols preserved; original unresolved,https://github.com/OpenRCT2/OpenRCT2/blob/11513222890717e81431c83a28aafb7555f2ccd2/src/openrct2/ride/rtd/coaster/Steeplechase.h
11,car_ride,11,6;24;4;7,continuousCircuit,reconstructed implementation; symbols preserved; original unresolved,https://github.com/OpenRCT2/OpenRCT2/blob/11513222890717e81431c83a28aafb7555f2ccd2/src/openrct2/ride/rtd/gentle/CarRide.h
12,launched_freefall,12,255;32;3;2,upwardLaunch;downwardLaunch,reconstructed implementation; symbols preserved; original unresolved,https://github.com/OpenRCT2/OpenRCT2/blob/11513222890717e81431c83a28aafb7555f2ccd2/src/openrct2/ride/rtd/thrill/LaunchedFreefall.h
13,bobsleigh_rc,13,19;24;5;7,continuousCircuit;continuousCircuitBlockSectioned,reconstructed implementation; symbols preserved; original unresolved,https://github.com/OpenRCT2/OpenRCT2/blob/11513222890717e81431c83a28aafb7555f2ccd2/src/openrct2/ride/rtd/coaster/BobsleighCoaster.h
14,observation_tower,14,255;32;3;2,rotatingLift,reconstructed implementation; symbols preserved; original unresolved,https://github.com/OpenRCT2/OpenRCT2/blob/11513222890717e81431c83a28aafb7555f2ccd2/src/openrct2/ride/rtd/gentle/ObservationTower.h
15,looping_rc,15,35;24;5;7,continuousCircuit;continuousCircuitBlockSectioned;reverseInclineLaunchedShuttle;poweredLaunchPassthrough;poweredLaunch,reconstructed implementation; symbols preserved; original unresolved,https://github.com/OpenRCT2/OpenRCT2/blob/11513222890717e81431c83a28aafb7555f2ccd2/src/openrct2/ride/rtd/coaster/LoopingRollerCoaster.h
16,dinghy_slide,16,15;24;5;7,continuousCircuit,reconstructed implementation; symbols preserved; original unresolved,https://github.com/OpenRCT2/OpenRCT2/blob/11513222890717e81431c83a28aafb7555f2ccd2/src/openrct2/ride/rtd/water/DinghySlide.h
17,mine_train_rc,17,21;24;4;7,continuousCircuit;continuousCircuitBlockSectioned,reconstructed implementation; symbols preserved; original unresolved,https://github.com/OpenRCT2/OpenRCT2/blob/11513222890717e81431c83a28aafb7555f2ccd2/src/openrct2/ride/rtd/coaster/MineTrainCoaster.h
18,chairlift,18,40;32;28;2,stationToStation,reconstructed implementation; symbols preserved; original unresolved,https://github.com/OpenRCT2/OpenRCT2/blob/11513222890717e81431c83a28aafb7555f2ccd2/src/openrct2/ride/rtd/transport/Chairlift.h
19,corkscrew_rc,19,28;24;8;11,continuousCircuit;continuousCircuitBlockSectioned;poweredLaunchPassthrough;poweredLaunch;reverseInclineLaunchedShuttle,reconstructed implementation; symbols preserved; original unresolved,https://github.com/OpenRCT2/OpenRCT2/blob/11513222890717e81431c83a28aafb7555f2ccd2/src/openrct2/ride/rtd/coaster/CorkscrewRollerCoaster.h
20,maze,20,6;24;0;1,maze,reconstructed implementation; symbols preserved; original unresolved,https://github.com/OpenRCT2/OpenRCT2/blob/11513222890717e81431c83a28aafb7555f2ccd2/src/openrct2/ride/rtd/gentle/Maze.h
21,spiral_slide,21,15;128;0;2,singleRidePerAdmission;unlimitedRidesPerAdmission,reconstructed implementation; symbols preserved; original unresolved,https://github.com/OpenRCT2/OpenRCT2/blob/11513222890717e81431c83a28aafb7555f2ccd2/src/openrct2/ride/rtd/gentle/SpiralSlide.h
22,go_karts,22,8;24;2;1,race;continuousCircuit,reconstructed implementation; symbols preserved; original unresolved,https://github.com/OpenRCT2/OpenRCT2/blob/11513222890717e81431c83a28aafb7555f2ccd2/src/openrct2/ride/rtd/thrill/GoKarts.h
23,log_flume,23,10;24;7;9,continuousCircuit,reconstructed implementation; symbols preserved; original unresolved,https://github.com/OpenRCT2/OpenRCT2/blob/11513222890717e81431c83a28aafb7555f2ccd2/src/openrct2/ride/rtd/water/LogFlume.h
24,river_rapids,24,9;32;14;15,continuousCircuit,reconstructed implementation; symbols preserved; original unresolved,https://github.com/OpenRCT2/OpenRCT2/blob/11513222890717e81431c83a28aafb7555f2ccd2/src/openrct2/ride/rtd/water/RiverRapids.h
25,dodgems,25,9;48;2;2,dodgems,reconstructed implementation; symbols preserved; original unresolved,https://github.com/OpenRCT2/OpenRCT2/blob/11513222890717e81431c83a28aafb7555f2ccd2/src/openrct2/ride/rtd/gentle/Dodgems.h
26,swinging_ship,26,12;112;7;11,swing,reconstructed implementation; symbols preserved; original unresolved,https://github.com/OpenRCT2/OpenRCT2/blob/11513222890717e81431c83a28aafb7555f2ccd2/src/openrct2/ride/rtd/thrill/SwingingShip.h
27,swinging_inverter_ship,27,15;176;7;11,swing,reconstructed implementation; symbols preserved; original unresolved,https://github.com/OpenRCT2/OpenRCT2/blob/11513222890717e81431c83a28aafb7555f2ccd2/src/openrct2/ride/rtd/thrill/SwingingInverterShip.h
28,food_stall,28,12;kDefaultFoodStallHeight;0;0,shopStall,reconstructed implementation; symbols preserved; original unresolved,https://github.com/OpenRCT2/OpenRCT2/blob/11513222890717e81431c83a28aafb7555f2ccd2/src/openrct2/ride/rtd/shops/FoodStall.h
30,drink_stall,30,12;kDefaultDrinksStallHeight;0;0,shopStall,reconstructed implementation; symbols preserved; original unresolved,https://github.com/OpenRCT2/OpenRCT2/blob/11513222890717e81431c83a28aafb7555f2ccd2/src/openrct2/ride/rtd/shops/DrinkStall.h
32,shop,32,12;kDefaultShopHeight;0;0,shopStall,reconstructed implementation; symbols preserved; original unresolved,https://github.com/OpenRCT2/OpenRCT2/blob/11513222890717e81431c83a28aafb7555f2ccd2/src/openrct2/ride/rtd/shops/Shop.h
33,merry_go_round,33,12;64;3;2,rotation,reconstructed implementation; symbols preserved; original unresolved,https://github.com/OpenRCT2/OpenRCT2/blob/11513222890717e81431c83a28aafb7555f2ccd2/src/openrct2/ride/rtd/gentle/MerryGoRound.h
35,information_kiosk,35,12;kDefaultInformationKioskHeight;0;0,shopStall,reconstructed implementation; symbols preserved; original unresolved,https://github.com/OpenRCT2/OpenRCT2/blob/11513222890717e81431c83a28aafb7555f2ccd2/src/openrct2/ride/rtd/shops/InformationKiosk.h
36,toilets,36,12;kDefaultToiletHeight;0;0,shopStall,reconstructed implementation; symbols preserved; original unresolved,https://github.com/OpenRCT2/OpenRCT2/blob/11513222890717e81431c83a28aafb7555f2ccd2/src/openrct2/ride/rtd/shops/Toilets.h
37,ferris_wheel,37,16;176;3;2,forwardRotation;backwardRotation,reconstructed implementation; symbols preserved; original unresolved,https://github.com/OpenRCT2/OpenRCT2/blob/11513222890717e81431c83a28aafb7555f2ccd2/src/openrct2/ride/rtd/gentle/FerrisWheel.h
38,motion_simulator,38,12;64;3;2,filmAvengingAviators;filmThrillRiders,reconstructed implementation; symbols preserved; original unresolved,https://github.com/OpenRCT2/OpenRCT2/blob/11513222890717e81431c83a28aafb7555f2ccd2/src/openrct2/ride/rtd/thrill/MotionSimulator.h
39,3d_cinema,39,12;128;3;2,mouseTails3DFilm;stormChasers3DFilm;spaceRaiders3DFilm,reconstructed implementation; symbols preserved; original unresolved,https://github.com/OpenRCT2/OpenRCT2/blob/11513222890717e81431c83a28aafb7555f2ccd2/src/openrct2/ride/rtd/thrill/3DCinema.h
40,top_spin,40,16;112;3;2,beginners;intense;berserk,reconstructed implementation; symbols preserved; original unresolved,https://github.com/OpenRCT2/OpenRCT2/blob/11513222890717e81431c83a28aafb7555f2ccd2/src/openrct2/ride/rtd/thrill/TopSpin.h
41,space_rings,41,16;48;3;2,spaceRings,reconstructed implementation; symbols preserved; original unresolved,https://github.com/OpenRCT2/OpenRCT2/blob/11513222890717e81431c83a28aafb7555f2ccd2/src/openrct2/ride/rtd/gentle/SpaceRings.h
42,reverse_freefall_rc,42,255;32;4;7,limPoweredLaunch,reconstructed implementation; symbols preserved; original unresolved,https://github.com/OpenRCT2/OpenRCT2/blob/11513222890717e81431c83a28aafb7555f2ccd2/src/openrct2/ride/rtd/coaster/ReverseFreefallCoaster.h
43,lift,43,255;32;3;2,shuttle,reconstructed implementation; symbols preserved; original unresolved,https://github.com/OpenRCT2/OpenRCT2/blob/11513222890717e81431c83a28aafb7555f2ccd2/src/openrct2/ride/rtd/transport/Lift.h
44,vertical_drop_rc,44,55;24;8;11,continuousCircuit;continuousCircuitBlockSectioned,reconstructed implementation; symbols preserved; original unresolved,https://github.com/OpenRCT2/OpenRCT2/blob/11513222890717e81431c83a28aafb7555f2ccd2/src/openrct2/ride/rtd/coaster/VerticalDropCoaster.h
45,cash_machine,45,12;kDefaultCashMachineHeight;0;0,shopStall,reconstructed implementation; symbols preserved; original unresolved,https://github.com/OpenRCT2/OpenRCT2/blob/11513222890717e81431c83a28aafb7555f2ccd2/src/openrct2/ride/rtd/shops/CashMachine.h
46,twist,46,12;64;3;2,rotation,reconstructed implementation; symbols preserved; original unresolved,https://github.com/OpenRCT2/OpenRCT2/blob/11513222890717e81431c83a28aafb7555f2ccd2/src/openrct2/ride/rtd/thrill/Twist.h
47,haunted_house,47,16;160;3;2,hauntedHouse,reconstructed implementation; symbols preserved; original unresolved,https://github.com/OpenRCT2/OpenRCT2/blob/11513222890717e81431c83a28aafb7555f2ccd2/src/openrct2/ride/rtd/gentle/HauntedHouse.h
48,first_aid,48,12;kDefaultFirstAidHeight;0;0,shopStall,reconstructed implementation; symbols preserved; original unresolved,https://github.com/OpenRCT2/OpenRCT2/blob/11513222890717e81431c83a28aafb7555f2ccd2/src/openrct2/ride/rtd/shops/FirstAid.h
49,circus,49,12;128;3;2,circus,reconstructed implementation; symbols preserved; original unresolved,https://github.com/OpenRCT2/OpenRCT2/blob/11513222890717e81431c83a28aafb7555f2ccd2/src/openrct2/ride/rtd/gentle/Circus.h
50,ghost_train,50,8;24;6;7,continuousCircuit,reconstructed implementation; symbols preserved; original unresolved,https://github.com/OpenRCT2/OpenRCT2/blob/11513222890717e81431c83a28aafb7555f2ccd2/src/openrct2/ride/rtd/gentle/GhostTrain.h
51,twister_rc,51,40;24;8;9,continuousCircuit;continuousCircuitBlockSectioned,reconstructed implementation; symbols preserved; original unresolved,https://github.com/OpenRCT2/OpenRCT2/blob/11513222890717e81431c83a28aafb7555f2ccd2/src/openrct2/ride/rtd/coaster/TwisterRollerCoaster.h
52,wooden_rc,52,41;24;8;11,continuousCircuit;continuousCircuitBlockSectioned;reverseInclineLaunchedShuttle,reconstructed implementation; symbols preserved; original unresolved,https://github.com/OpenRCT2/OpenRCT2/blob/11513222890717e81431c83a28aafb7555f2ccd2/src/openrct2/ride/rtd/coaster/WoodenRollerCoaster.h
53,side_friction_rc,53,18;24;4;11,continuousCircuit,reconstructed implementation; symbols preserved; original unresolved,https://github.com/OpenRCT2/OpenRCT2/blob/11513222890717e81431c83a28aafb7555f2ccd2/src/openrct2/ride/rtd/coaster/SideFrictionRollerCoaster.h
54,steel_wild_mouse,54,16;24;4;7,continuousCircuit;continuousCircuitBlockSectioned,reconstructed implementation; symbols preserved; original unresolved,https://github.com/OpenRCT2/OpenRCT2/blob/11513222890717e81431c83a28aafb7555f2ccd2/src/openrct2/ride/rtd/coaster/SteelWildMouse.h
55,multi_dimension_rc,55,40;24;8;11,continuousCircuit;continuousCircuitBlockSectioned,reconstructed implementation; symbols preserved; original unresolved,https://github.com/OpenRCT2/OpenRCT2/blob/11513222890717e81431c83a28aafb7555f2ccd2/src/openrct2/ride/rtd/coaster/MultiDimensionRollerCoaster.h
57,flying_rc,57,30;24;8;11,continuousCircuit;continuousCircuitBlockSectioned,reconstructed implementation; symbols preserved; original unresolved,https://github.com/OpenRCT2/OpenRCT2/blob/11513222890717e81431c83a28aafb7555f2ccd2/src/openrct2/ride/rtd/coaster/FlyingRollerCoaster.h
59,virginia_reel,59,14;24;6;7,continuousCircuit,reconstructed implementation; symbols preserved; original unresolved,https://github.com/OpenRCT2/OpenRCT2/blob/11513222890717e81431c83a28aafb7555f2ccd2/src/openrct2/ride/rtd/coaster/VirginiaReel.h
60,splash_boats,60,16;24;7;11,continuousCircuit,reconstructed implementation; symbols preserved; original unresolved,https://github.com/OpenRCT2/OpenRCT2/blob/11513222890717e81431c83a28aafb7555f2ccd2/src/openrct2/ride/rtd/water/SplashBoats.h
61,mini_helicopters,61,7;24;4;7,continuousCircuit,reconstructed implementation; symbols preserved; original unresolved,https://github.com/OpenRCT2/OpenRCT2/blob/11513222890717e81431c83a28aafb7555f2ccd2/src/openrct2/ride/rtd/gentle/MiniHelicopters.h
62,lay_down_rc,62,26;24;8;11,continuousCircuit;continuousCircuitBlockSectioned,reconstructed implementation; symbols preserved; original unresolved,https://github.com/OpenRCT2/OpenRCT2/blob/11513222890717e81431c83a28aafb7555f2ccd2/src/openrct2/ride/rtd/coaster/LayDownRollerCoaster.h
63,suspended_monorail,63,12;40;32;8,continuousCircuit;shuttle,reconstructed implementation; symbols preserved; original unresolved,https://github.com/OpenRCT2/OpenRCT2/blob/11513222890717e81431c83a28aafb7555f2ccd2/src/openrct2/ride/rtd/transport/SuspendedMonorail.h
65,reverser_rc,65,18;24;8;11,continuousCircuit,reconstructed implementation; symbols preserved; original unresolved,https://github.com/OpenRCT2/OpenRCT2/blob/11513222890717e81431c83a28aafb7555f2ccd2/src/openrct2/ride/rtd/coaster/ReverserRollerCoaster.h
66,heartline_twister_rc,66,22;24;15;9,continuousCircuit,reconstructed implementation; symbols preserved; original unresolved,https://github.com/OpenRCT2/OpenRCT2/blob/11513222890717e81431c83a28aafb7555f2ccd2/src/openrct2/ride/rtd/coaster/HeartlineTwisterCoaster.h
67,mini_golf,67,7;32;2;2,continuousCircuit,reconstructed implementation; symbols preserved; original unresolved,https://github.com/OpenRCT2/OpenRCT2/blob/11513222890717e81431c83a28aafb7555f2ccd2/src/openrct2/ride/rtd/gentle/MiniGolf.h
68,giga_rc,68,86;24;9;11,continuousCircuit;continuousCircuitBlockSectioned,reconstructed implementation; symbols preserved; original unresolved,https://github.com/OpenRCT2/OpenRCT2/blob/11513222890717e81431c83a28aafb7555f2ccd2/src/openrct2/ride/rtd/coaster/GigaCoaster.h
69,roto_drop,69,255;32;3;2,freefallDrop,reconstructed implementation; symbols preserved; original unresolved,https://github.com/OpenRCT2/OpenRCT2/blob/11513222890717e81431c83a28aafb7555f2ccd2/src/openrct2/ride/rtd/thrill/RotoDrop.h
70,flying_saucers,70,9;48;2;2,dodgems,reconstructed implementation; symbols preserved; original unresolved,https://github.com/OpenRCT2/OpenRCT2/blob/11513222890717e81431c83a28aafb7555f2ccd2/src/openrct2/ride/rtd/gentle/FlyingSaucers.h
71,crooked_house,71,16;96;3;2,crookedHouse,reconstructed implementation; symbols preserved; original unresolved,https://github.com/OpenRCT2/OpenRCT2/blob/11513222890717e81431c83a28aafb7555f2ccd2/src/openrct2/ride/rtd/gentle/CrookedHouse.h
72,monorail_cycles,72,5;24;8;7,continuousCircuit,reconstructed implementation; symbols preserved; original unresolved,https://github.com/OpenRCT2/OpenRCT2/blob/11513222890717e81431c83a28aafb7555f2ccd2/src/openrct2/ride/rtd/gentle/MonorailCycles.h
73,compact_inverted_rc,73,27;40;29;8,continuousCircuit;continuousCircuitBlockSectioned;reverseInclineLaunchedShuttle,reconstructed implementation; symbols preserved; original unresolved,https://github.com/OpenRCT2/OpenRCT2/blob/11513222890717e81431c83a28aafb7555f2ccd2/src/openrct2/ride/rtd/coaster/CompactInvertedCoaster.h
74,water_coaster,74,18;24;4;7,continuousCircuit;continuousCircuitBlockSectioned,reconstructed implementation; symbols preserved; original unresolved,https://github.com/OpenRCT2/OpenRCT2/blob/11513222890717e81431c83a28aafb7555f2ccd2/src/openrct2/ride/rtd/coaster/WaterCoaster.h
75,air_powered_vertical_rc,75,255;32;4;7,poweredLaunchPassthrough;poweredLaunch,reconstructed implementation; symbols preserved; original unresolved,https://github.com/OpenRCT2/OpenRCT2/blob/11513222890717e81431c83a28aafb7555f2ccd2/src/openrct2/ride/rtd/coaster/AirPoweredVerticalCoaster.h
76,inverted_hairpin_rc,76,16;24;24;7,continuousCircuit;continuousCircuitBlockSectioned,reconstructed implementation; symbols preserved; original unresolved,https://github.com/OpenRCT2/OpenRCT2/blob/11513222890717e81431c83a28aafb7555f2ccd2/src/openrct2/ride/rtd/coaster/InvertedHairpinCoaster.h
77,magic_carpet,77,15;176;7;11,swing,reconstructed implementation; symbols preserved; original unresolved,https://github.com/OpenRCT2/OpenRCT2/blob/11513222890717e81431c83a28aafb7555f2ccd2/src/openrct2/ride/rtd/thrill/MagicCarpet.h
78,submarine_ride,78,255;16;0;3,continuousCircuit,reconstructed implementation; symbols preserved; original unresolved,https://github.com/OpenRCT2/OpenRCT2/blob/11513222890717e81431c83a28aafb7555f2ccd2/src/openrct2/ride/rtd/water/SubmarineRide.h
79,river_rafts,79,12;24;7;11,continuousCircuit,reconstructed implementation; symbols preserved; original unresolved,https://github.com/OpenRCT2/OpenRCT2/blob/11513222890717e81431c83a28aafb7555f2ccd2/src/openrct2/ride/rtd/water/RiverRafts.h
81,enterprise,81,16;160;3;2,rotation,reconstructed implementation; symbols preserved; original unresolved,https://github.com/OpenRCT2/OpenRCT2/blob/11513222890717e81431c83a28aafb7555f2ccd2/src/openrct2/ride/rtd/thrill/Enterprise.h
86,inverted_impulse_rc,86,45;40;29;8,poweredLaunchPassthrough;poweredLaunch,reconstructed implementation; symbols preserved; original unresolved,https://github.com/OpenRCT2/OpenRCT2/blob/11513222890717e81431c83a28aafb7555f2ccd2/src/openrct2/ride/rtd/coaster/InvertedImpulseCoaster.h
87,mini_rc,87,16;24;9;11,continuousCircuit;continuousCircuitBlockSectioned,reconstructed implementation; symbols preserved; original unresolved,https://github.com/OpenRCT2/OpenRCT2/blob/11513222890717e81431c83a28aafb7555f2ccd2/src/openrct2/ride/rtd/coaster/MiniRollerCoaster.h
88,mine_ride,88,13;24;9;11,continuousCircuit,reconstructed implementation; symbols preserved; original unresolved,https://github.com/OpenRCT2/OpenRCT2/blob/11513222890717e81431c83a28aafb7555f2ccd2/src/openrct2/ride/rtd/coaster/MineRide.h
90,lim_launched_rc,90,35;24;5;7,poweredLaunchPassthrough;poweredLaunch;poweredLaunchBlockSectioned,reconstructed implementation; symbols preserved; original unresolved,https://github.com/OpenRCT2/OpenRCT2/blob/11513222890717e81431c83a28aafb7555f2ccd2/src/openrct2/ride/rtd/coaster/LIMLaunchedRollerCoaster.h
91,hypercoaster,19,55;24;8;11,continuousCircuit;continuousCircuitBlockSectioned;poweredLaunchPassthrough;poweredLaunch;reverseInclineLaunchedShuttle,reconstructed implementation; symbols preserved; original unresolved,https://github.com/OpenRCT2/OpenRCT2/blob/11513222890717e81431c83a28aafb7555f2ccd2/src/openrct2/ride/rtd/coaster/Hypercoaster.h
92,hyper_twister,51,61;24;8;9,continuousCircuit;continuousCircuitBlockSectioned,reconstructed implementation; symbols preserved; original unresolved,https://github.com/OpenRCT2/OpenRCT2/blob/11513222890717e81431c83a28aafb7555f2ccd2/src/openrct2/ride/rtd/coaster/HyperTwister.h
93,monster_trucks,11,18;24;4;7,continuousCircuit,reconstructed implementation; symbols preserved; original unresolved,https://github.com/OpenRCT2/OpenRCT2/blob/11513222890717e81431c83a28aafb7555f2ccd2/src/openrct2/ride/rtd/gentle/MonsterTrucks.h
94,spinning_wild_mouse,54,16;24;4;7,continuousCircuit;continuousCircuitBlockSectioned,reconstructed implementation; symbols preserved; original unresolved,https://github.com/OpenRCT2/OpenRCT2/blob/11513222890717e81431c83a28aafb7555f2ccd2/src/openrct2/ride/rtd/coaster/SpinningWildMouse.h
95,classic_mini_rc,4,15;24;4;7,continuousCircuit;continuousCircuitBlockSectioned;reverseInclineLaunchedShuttle,reconstructed implementation; symbols preserved; original unresolved,https://github.com/OpenRCT2/OpenRCT2/blob/11513222890717e81431c83a28aafb7555f2ccd2/src/openrct2/ride/rtd/coaster/ClassicMiniRollerCoaster.h
96,hybrid_rc,,43;24;13;13,continuousCircuit;continuousCircuitBlockSectioned,reconstructed implementation; symbols preserved; original unresolved,https://github.com/OpenRCT2/OpenRCT2/blob/11513222890717e81431c83a28aafb7555f2ccd2/src/openrct2/ride/rtd/coaster/HybridCoaster.h
97,single_rail_rc,,28;24;5;7,continuousCircuit;continuousCircuitBlockSectioned,reconstructed implementation; symbols preserved; original unresolved,https://github.com/OpenRCT2/OpenRCT2/blob/11513222890717e81431c83a28aafb7555f2ccd2/src/openrct2/ride/rtd/coaster/SingleRailRollerCoaster.h
98,alpine_rc,,18;24;3;7,continuousCircuit,reconstructed implementation; symbols preserved; original unresolved,https://github.com/OpenRCT2/OpenRCT2/blob/11513222890717e81431c83a28aafb7555f2ccd2/src/openrct2/ride/rtd/coaster/AlpineCoaster.h
99,classic_wooden_rc,,24;24;8;11,continuousCircuit;continuousCircuitBlockSectioned,reconstructed implementation; symbols preserved; original unresolved,https://github.com/OpenRCT2/OpenRCT2/blob/11513222890717e81431c83a28aafb7555f2ccd2/src/openrct2/ride/rtd/coaster/ClassicWoodenRollerCoaster.h
100,classic_stand_up_rc,,30;24;9;11,continuousCircuit;continuousCircuitBlockSectioned;reverseInclineLaunchedShuttle;poweredLaunchPassthrough;poweredLaunch,reconstructed implementation; symbols preserved; original unresolved,https://github.com/OpenRCT2/OpenRCT2/blob/11513222890717e81431c83a28aafb7555f2ccd2/src/openrct2/ride/rtd/coaster/ClassicStandUpRollerCoaster.h
101,lsm_rc,,33;24;9;11,continuousCircuit;continuousCircuitBlockSectioned;poweredLaunch;poweredLaunchBlockSectioned,reconstructed implementation; symbols preserved; original unresolved,https://github.com/OpenRCT2/OpenRCT2/blob/11513222890717e81431c83a28aafb7555f2ccd2/src/openrct2/ride/rtd/coaster/LSMLaunchedRollerCoaster.h
102,classic_wooden_twister_rc,,24;24;8;11,continuousCircuit;continuousCircuitBlockSectioned,reconstructed implementation; symbols preserved; original unresolved,https://github.com/OpenRCT2/OpenRCT2/blob/11513222890717e81431c83a28aafb7555f2ccd2/src/openrct2/ride/rtd/coaster/ClassicWoodenTwisterRollerCoaster.h
