original_type_slot,reference_token,project_family_candidate,primary_category,base_object_variants,height_tuple_native,max_mass_native,lift_speed_native_min_max,start_piece_reference,operation_modes_reference,parameter_evidence,source_path,source_url
0,spiral_rc,spiral-rc,rollerCoaster,1,19;24;9;11,31,7;7,endStation,continuousCircuit;continuousCircuitBlockSectioned,reconstructed implementation; original comparison unresolved,src/openrct2/ride/rtd/coaster/SpiralRollerCoaster.h,https://github.com/OpenRCT2/OpenRCT2/blob/11513222890717e81431c83a28aafb7555f2ccd2/src/openrct2/ride/rtd/coaster/SpiralRollerCoaster.h
1,stand_up_rc,stand-up-rc,rollerCoaster,1,25;24;9;11,18,4;6,endStation,continuousCircuit;continuousCircuitBlockSectioned,reconstructed implementation; original comparison unresolved,src/openrct2/ride/rtd/coaster/StandUpRollerCoaster.h,https://github.com/OpenRCT2/OpenRCT2/blob/11513222890717e81431c83a28aafb7555f2ccd2/src/openrct2/ride/rtd/coaster/StandUpRollerCoaster.h
2,suspended_swinging_rc,suspended-swinging-rc,rollerCoaster,3,24;40;29;8,26,4;6,endStation,continuousCircuit;continuousCircuitBlockSectioned,reconstructed implementation; original comparison unresolved,src/openrct2/ride/rtd/coaster/SuspendedSwingingCoaster.h,https://github.com/OpenRCT2/OpenRCT2/blob/11513222890717e81431c83a28aafb7555f2ccd2/src/openrct2/ride/rtd/coaster/SuspendedSwingingCoaster.h
3,inverted_rc,inverted-rc,rollerCoaster,1,42;40;29;8,27,5;7,endStation,continuousCircuit;continuousCircuitBlockSectioned;poweredLaunchPassthrough;poweredLaunch,reconstructed implementation; original comparison unresolved,src/openrct2/ride/rtd/coaster/InvertedRollerCoaster.h,https://github.com/OpenRCT2/OpenRCT2/blob/11513222890717e81431c83a28aafb7555f2ccd2/src/openrct2/ride/rtd/coaster/InvertedRollerCoaster.h
4,junior_rc,junior-rc,rollerCoaster,2,12;24;4;7,18,4;6,endStation,continuousCircuit;continuousCircuitBlockSectioned,reconstructed implementation; original comparison unresolved,src/openrct2/ride/rtd/coaster/JuniorRollerCoaster.h,https://github.com/OpenRCT2/OpenRCT2/blob/11513222890717e81431c83a28aafb7555f2ccd2/src/openrct2/ride/rtd/coaster/JuniorRollerCoaster.h
5,miniature_railway,miniature-railway,transport,4,7;32;5;9,39,5;5,endStation,continuousCircuit;shuttle,reconstructed implementation; original comparison unresolved,src/openrct2/ride/rtd/transport/MiniatureRailway.h,https://github.com/OpenRCT2/OpenRCT2/blob/11513222890717e81431c83a28aafb7555f2ccd2/src/openrct2/ride/rtd/transport/MiniatureRailway.h
6,monorail,monorail,transport,3,8;32;8;9,78,5;5,endStation,continuousCircuit;shuttle,reconstructed implementation; original comparison unresolved,src/openrct2/ride/rtd/transport/Monorail.h,https://github.com/OpenRCT2/OpenRCT2/blob/11513222890717e81431c83a28aafb7555f2ccd2/src/openrct2/ride/rtd/transport/Monorail.h
7,mini_suspended_rc,mini-suspended-rc,rollerCoaster,2,10;24;24;8,3,4;5,endStation,continuousCircuit,reconstructed implementation; original comparison unresolved,src/openrct2/ride/rtd/coaster/MiniSuspendedCoaster.h,https://github.com/OpenRCT2/OpenRCT2/blob/11513222890717e81431c83a28aafb7555f2ccd2/src/openrct2/ride/rtd/coaster/MiniSuspendedCoaster.h
8,boat_hire,boat-hire,water,6,255;16;0;3,255,5;5,endStation,boatHire,reconstructed implementation; original comparison unresolved,src/openrct2/ride/rtd/water/BoatHire.h,https://github.com/OpenRCT2/OpenRCT2/blob/11513222890717e81431c83a28aafb7555f2ccd2/src/openrct2/ride/rtd/water/BoatHire.h
9,wooden_wild_mouse,wooden-wild-mouse,rollerCoaster,2,14;24;4;7,4,4;5,endStation,continuousCircuit,reconstructed implementation; original comparison unresolved,src/openrct2/ride/rtd/coaster/WoodenWildMouse.h,https://github.com/OpenRCT2/OpenRCT2/blob/11513222890717e81431c83a28aafb7555f2ccd2/src/openrct2/ride/rtd/coaster/WoodenWildMouse.h
10,steeplechase,steeplechase,rollerCoaster,3,14;24;7;7,4,4;5,endStation,continuousCircuit;continuousCircuitBlockSectioned,reconstructed implementation; original comparison unresolved,src/openrct2/ride/rtd/coaster/Steeplechase.h,https://github.com/OpenRCT2/OpenRCT2/blob/11513222890717e81431c83a28aafb7555f2ccd2/src/openrct2/ride/rtd/coaster/Steeplechase.h
11,car_ride,car-ride,gentle,6,6;24;4;7,2,5;5,endStation,continuousCircuit,reconstructed implementation; original comparison unresolved,src/openrct2/ride/rtd/gentle/CarRide.h,https://github.com/OpenRCT2/OpenRCT2/blob/11513222890717e81431c83a28aafb7555f2ccd2/src/openrct2/ride/rtd/gentle/CarRide.h
12,launched_freefall,launched-freefall,thrill,1,255;32;3;2,15,5;5,towerBase,upwardLaunch;downwardLaunch,reconstructed implementation; original comparison unresolved,src/openrct2/ride/rtd/thrill/LaunchedFreefall.h,https://github.com/OpenRCT2/OpenRCT2/blob/11513222890717e81431c83a28aafb7555f2ccd2/src/openrct2/ride/rtd/thrill/LaunchedFreefall.h
13,bobsleigh_rc,bobsleigh-rc,rollerCoaster,2,19;24;5;7,25,4;5,endStation,continuousCircuit;continuousCircuitBlockSectioned,reconstructed implementation; original comparison unresolved,src/openrct2/ride/rtd/coaster/BobsleighCoaster.h,https://github.com/OpenRCT2/OpenRCT2/blob/11513222890717e81431c83a28aafb7555f2ccd2/src/openrct2/ride/rtd/coaster/BobsleighCoaster.h
14,observation_tower,observation-tower,gentle,2,255;32;3;2,15,5;5,towerBase,rotatingLift,reconstructed implementation; original comparison unresolved,src/openrct2/ride/rtd/gentle/ObservationTower.h,https://github.com/OpenRCT2/OpenRCT2/blob/11513222890717e81431c83a28aafb7555f2ccd2/src/openrct2/ride/rtd/gentle/ObservationTower.h
15,looping_rc,looping-rc,rollerCoaster,1,35;24;5;7,18,4;6,endStation,continuousCircuit;continuousCircuitBlockSectioned;reverseInclineLaunchedShuttle;poweredLaunchPassthrough;poweredLaunch,reconstructed implementation; original comparison unresolved,src/openrct2/ride/rtd/coaster/LoopingRollerCoaster.h,https://github.com/OpenRCT2/OpenRCT2/blob/11513222890717e81431c83a28aafb7555f2ccd2/src/openrct2/ride/rtd/coaster/LoopingRollerCoaster.h
16,dinghy_slide,dinghy-slide,water,1,15;24;5;7,5,4;5,endStation,continuousCircuit,reconstructed implementation; original comparison unresolved,src/openrct2/ride/rtd/water/DinghySlide.h,https://github.com/OpenRCT2/OpenRCT2/blob/11513222890717e81431c83a28aafb7555f2ccd2/src/openrct2/ride/rtd/water/DinghySlide.h
17,mine_train_rc,mine-train-rc,rollerCoaster,1,21;24;4;7,15,4;6,endStation,continuousCircuit;continuousCircuitBlockSectioned,reconstructed implementation; original comparison unresolved,src/openrct2/ride/rtd/coaster/MineTrainCoaster.h,https://github.com/OpenRCT2/OpenRCT2/blob/11513222890717e81431c83a28aafb7555f2ccd2/src/openrct2/ride/rtd/coaster/MineTrainCoaster.h
18,chairlift,chairlift,transport,2,40;32;28;2,18,5;5,endStation,stationToStation,reconstructed implementation; original comparison unresolved,src/openrct2/ride/rtd/transport/Chairlift.h,https://github.com/OpenRCT2/OpenRCT2/blob/11513222890717e81431c83a28aafb7555f2ccd2/src/openrct2/ride/rtd/transport/Chairlift.h
19,corkscrew_rc,corkscrew-rc,rollerCoaster,2,28;24;8;11,18,4;6,endStation,continuousCircuit;continuousCircuitBlockSectioned;poweredLaunchPassthrough;poweredLaunch;reverseInclineLaunchedShuttle,reconstructed implementation; original comparison unresolved,src/openrct2/ride/rtd/coaster/CorkscrewRollerCoaster.h,https://github.com/OpenRCT2/OpenRCT2/blob/11513222890717e81431c83a28aafb7555f2ccd2/src/openrct2/ride/rtd/coaster/CorkscrewRollerCoaster.h
20,maze,maze,gentle,1,6;24;0;1,18,5;5,maze,maze,reconstructed implementation; original comparison unresolved,src/openrct2/ride/rtd/gentle/Maze.h,https://github.com/OpenRCT2/OpenRCT2/blob/11513222890717e81431c83a28aafb7555f2ccd2/src/openrct2/ride/rtd/gentle/Maze.h
21,spiral_slide,spiral-slide,gentle,1,15;128;0;2,255,5;5,flatTrack2x2,singleRidePerAdmission;unlimitedRidesPerAdmission,reconstructed implementation; original comparison unresolved,src/openrct2/ride/rtd/gentle/SpiralSlide.h,https://github.com/OpenRCT2/OpenRCT2/blob/11513222890717e81431c83a28aafb7555f2ccd2/src/openrct2/ride/rtd/gentle/SpiralSlide.h
22,go_karts,go-karts,thrill,1,8;24;2;1,255,5;5,endStation,race;continuousCircuit,reconstructed implementation; original comparison unresolved,src/openrct2/ride/rtd/thrill/GoKarts.h,https://github.com/OpenRCT2/OpenRCT2/blob/11513222890717e81431c83a28aafb7555f2ccd2/src/openrct2/ride/rtd/thrill/GoKarts.h
23,log_flume,log-flume,water,1,10;24;7;9,255,5;5,endStation,continuousCircuit,reconstructed implementation; original comparison unresolved,src/openrct2/ride/rtd/water/LogFlume.h,https://github.com/OpenRCT2/OpenRCT2/blob/11513222890717e81431c83a28aafb7555f2ccd2/src/openrct2/ride/rtd/water/LogFlume.h
24,river_rapids,river-rapids,water,1,9;32;14;15,255,5;5,endStation,continuousCircuit,reconstructed implementation; original comparison unresolved,src/openrct2/ride/rtd/water/RiverRapids.h,https://github.com/OpenRCT2/OpenRCT2/blob/11513222890717e81431c83a28aafb7555f2ccd2/src/openrct2/ride/rtd/water/RiverRapids.h
25,dodgems,dodgems,gentle,1,9;48;2;2,255,5;5,flatTrack4x4,dodgems,reconstructed implementation; original comparison unresolved,src/openrct2/ride/rtd/gentle/Dodgems.h,https://github.com/OpenRCT2/OpenRCT2/blob/11513222890717e81431c83a28aafb7555f2ccd2/src/openrct2/ride/rtd/gentle/Dodgems.h
26,swinging_ship,swinging-ship,thrill,1,12;112;7;11,255,5;5,flatTrack1x5,swing,reconstructed implementation; original comparison unresolved,src/openrct2/ride/rtd/thrill/SwingingShip.h,https://github.com/OpenRCT2/OpenRCT2/blob/11513222890717e81431c83a28aafb7555f2ccd2/src/openrct2/ride/rtd/thrill/SwingingShip.h
27,swinging_inverter_ship,swinging-inverter-ship,thrill,1,15;176;7;11,255,5;5,flatTrack1x4B,swing,reconstructed implementation; original comparison unresolved,src/openrct2/ride/rtd/thrill/SwingingInverterShip.h,https://github.com/OpenRCT2/OpenRCT2/blob/11513222890717e81431c83a28aafb7555f2ccd2/src/openrct2/ride/rtd/thrill/SwingingInverterShip.h
28,food_stall,food-stall,shop,23,12;kDefaultFoodStallHeight;0;0,255,5;5,flatTrack1x1A,shopStall,reconstructed implementation; original comparison unresolved,src/openrct2/ride/rtd/shops/FoodStall.h,https://github.com/OpenRCT2/OpenRCT2/blob/11513222890717e81431c83a28aafb7555f2ccd2/src/openrct2/ride/rtd/shops/FoodStall.h
30,drink_stall,drink-stall,shop,8,12;kDefaultDrinksStallHeight;0;0,255,5;5,flatTrack1x1A,shopStall,reconstructed implementation; original comparison unresolved,src/openrct2/ride/rtd/shops/DrinkStall.h,https://github.com/OpenRCT2/OpenRCT2/blob/11513222890717e81431c83a28aafb7555f2ccd2/src/openrct2/ride/rtd/shops/DrinkStall.h
32,shop,shop,shop,5,12;kDefaultShopHeight;0;0,255,5;5,flatTrack1x1A,shopStall,reconstructed implementation; original comparison unresolved,src/openrct2/ride/rtd/shops/Shop.h,https://github.com/OpenRCT2/OpenRCT2/blob/11513222890717e81431c83a28aafb7555f2ccd2/src/openrct2/ride/rtd/shops/Shop.h
33,merry_go_round,merry-go-round,gentle,1,12;64;3;2,255,5;5,flatTrack3x3,rotation,reconstructed implementation; original comparison unresolved,src/openrct2/ride/rtd/gentle/MerryGoRound.h,https://github.com/OpenRCT2/OpenRCT2/blob/11513222890717e81431c83a28aafb7555f2ccd2/src/openrct2/ride/rtd/gentle/MerryGoRound.h
35,information_kiosk,information-kiosk,shop,1,12;kDefaultInformationKioskHeight;0;0,255,5;5,flatTrack1x1B,shopStall,reconstructed implementation; original comparison unresolved,src/openrct2/ride/rtd/shops/InformationKiosk.h,https://github.com/OpenRCT2/OpenRCT2/blob/11513222890717e81431c83a28aafb7555f2ccd2/src/openrct2/ride/rtd/shops/InformationKiosk.h
36,toilets,toilets,shop,2,12;kDefaultToiletHeight;0;0,255,5;5,flatTrack1x1A,shopStall,reconstructed implementation; original comparison unresolved,src/openrct2/ride/rtd/shops/Toilets.h,https://github.com/OpenRCT2/OpenRCT2/blob/11513222890717e81431c83a28aafb7555f2ccd2/src/openrct2/ride/rtd/shops/Toilets.h
37,ferris_wheel,ferris-wheel,gentle,1,16;176;3;2,255,5;5,flatTrack1x4C,forwardRotation;backwardRotation,reconstructed implementation; original comparison unresolved,src/openrct2/ride/rtd/gentle/FerrisWheel.h,https://github.com/OpenRCT2/OpenRCT2/blob/11513222890717e81431c83a28aafb7555f2ccd2/src/openrct2/ride/rtd/gentle/FerrisWheel.h
38,motion_simulator,motion-simulator,thrill,1,12;64;3;2,255,5;5,flatTrack2x2,filmAvengingAviators;filmThrillRiders,reconstructed implementation; original comparison unresolved,src/openrct2/ride/rtd/thrill/MotionSimulator.h,https://github.com/OpenRCT2/OpenRCT2/blob/11513222890717e81431c83a28aafb7555f2ccd2/src/openrct2/ride/rtd/thrill/MotionSimulator.h
39,3d_cinema,3d-cinema,thrill,1,12;128;3;2,255,5;5,flatTrack3x3,mouseTails3DFilm;stormChasers3DFilm;spaceRaiders3DFilm,reconstructed implementation; original comparison unresolved,src/openrct2/ride/rtd/thrill/3DCinema.h,https://github.com/OpenRCT2/OpenRCT2/blob/11513222890717e81431c83a28aafb7555f2ccd2/src/openrct2/ride/rtd/thrill/3DCinema.h
40,top_spin,top-spin,thrill,1,16;112;3;2,255,5;5,flatTrack3x3,beginners;intense;berserk,reconstructed implementation; original comparison unresolved,src/openrct2/ride/rtd/thrill/TopSpin.h,https://github.com/OpenRCT2/OpenRCT2/blob/11513222890717e81431c83a28aafb7555f2ccd2/src/openrct2/ride/rtd/thrill/TopSpin.h
41,space_rings,space-rings,gentle,1,16;48;3;2,255,5;5,flatTrack3x3,spaceRings,reconstructed implementation; original comparison unresolved,src/openrct2/ride/rtd/gentle/SpaceRings.h,https://github.com/OpenRCT2/OpenRCT2/blob/11513222890717e81431c83a28aafb7555f2ccd2/src/openrct2/ride/rtd/gentle/SpaceRings.h
42,reverse_freefall_rc,reverse-freefall-rc,rollerCoaster,1,255;32;4;7,255,5;5,endStation,limPoweredLaunch,reconstructed implementation; original comparison unresolved,src/openrct2/ride/rtd/coaster/ReverseFreefallCoaster.h,https://github.com/OpenRCT2/OpenRCT2/blob/11513222890717e81431c83a28aafb7555f2ccd2/src/openrct2/ride/rtd/coaster/ReverseFreefallCoaster.h
43,lift,lift,transport,1,255;32;3;2,15,5;5,towerBase,shuttle,reconstructed implementation; original comparison unresolved,src/openrct2/ride/rtd/transport/Lift.h,https://github.com/OpenRCT2/OpenRCT2/blob/11513222890717e81431c83a28aafb7555f2ccd2/src/openrct2/ride/rtd/transport/Lift.h
44,vertical_drop_rc,vertical-drop-rc,rollerCoaster,1,55;24;8;11,25,4;5,endStation,continuousCircuit;continuousCircuitBlockSectioned,reconstructed implementation; original comparison unresolved,src/openrct2/ride/rtd/coaster/VerticalDropCoaster.h,https://github.com/OpenRCT2/OpenRCT2/blob/11513222890717e81431c83a28aafb7555f2ccd2/src/openrct2/ride/rtd/coaster/VerticalDropCoaster.h
45,cash_machine,cash-machine,shop,1,12;kDefaultCashMachineHeight;0;0,255,5;5,flatTrack1x1A,shopStall,reconstructed implementation; original comparison unresolved,src/openrct2/ride/rtd/shops/CashMachine.h,https://github.com/OpenRCT2/OpenRCT2/blob/11513222890717e81431c83a28aafb7555f2ccd2/src/openrct2/ride/rtd/shops/CashMachine.h
46,twist,twist,thrill,2,12;64;3;2,255,5;5,flatTrack3x3,rotation,reconstructed implementation; original comparison unresolved,src/openrct2/ride/rtd/thrill/Twist.h,https://github.com/OpenRCT2/OpenRCT2/blob/11513222890717e81431c83a28aafb7555f2ccd2/src/openrct2/ride/rtd/thrill/Twist.h
47,haunted_house,haunted-house,gentle,1,16;160;3;2,255,5;5,flatTrack3x3,hauntedHouse,reconstructed implementation; original comparison unresolved,src/openrct2/ride/rtd/gentle/HauntedHouse.h,https://github.com/OpenRCT2/OpenRCT2/blob/11513222890717e81431c83a28aafb7555f2ccd2/src/openrct2/ride/rtd/gentle/HauntedHouse.h
48,first_aid,first-aid,shop,1,12;kDefaultFirstAidHeight;0;0,255,5;5,flatTrack1x1A,shopStall,reconstructed implementation; original comparison unresolved,src/openrct2/ride/rtd/shops/FirstAid.h,https://github.com/OpenRCT2/OpenRCT2/blob/11513222890717e81431c83a28aafb7555f2ccd2/src/openrct2/ride/rtd/shops/FirstAid.h
49,circus,circus,gentle,1,12;128;3;2,255,5;5,flatTrack3x3,circus,reconstructed implementation; original comparison unresolved,src/openrct2/ride/rtd/gentle/Circus.h,https://github.com/OpenRCT2/OpenRCT2/blob/11513222890717e81431c83a28aafb7555f2ccd2/src/openrct2/ride/rtd/gentle/Circus.h
50,ghost_train,ghost-train,gentle,2,8;24;6;7,2,5;5,endStation,continuousCircuit,reconstructed implementation; original comparison unresolved,src/openrct2/ride/rtd/gentle/GhostTrain.h,https://github.com/OpenRCT2/OpenRCT2/blob/11513222890717e81431c83a28aafb7555f2ccd2/src/openrct2/ride/rtd/gentle/GhostTrain.h
51,twister_rc,twister-rc,rollerCoaster,5,40;24;8;9,31,5;8,endStation,continuousCircuit;continuousCircuitBlockSectioned,reconstructed implementation; original comparison unresolved,src/openrct2/ride/rtd/coaster/TwisterRollerCoaster.h,https://github.com/OpenRCT2/OpenRCT2/blob/11513222890717e81431c83a28aafb7555f2ccd2/src/openrct2/ride/rtd/coaster/TwisterRollerCoaster.h
52,wooden_rc,wooden-rc,rollerCoaster,4,41;24;8;11,19,5;7,endStation,continuousCircuit;continuousCircuitBlockSectioned;reverseInclineLaunchedShuttle,reconstructed implementation; original comparison unresolved,src/openrct2/ride/rtd/coaster/WoodenRollerCoaster.h,https://github.com/OpenRCT2/OpenRCT2/blob/11513222890717e81431c83a28aafb7555f2ccd2/src/openrct2/ride/rtd/coaster/WoodenRollerCoaster.h
53,side_friction_rc,side-friction-rc,rollerCoaster,1,18;24;4;11,15,3;5,endStation,continuousCircuit,reconstructed implementation; original comparison unresolved,src/openrct2/ride/rtd/coaster/SideFrictionRollerCoaster.h,https://github.com/OpenRCT2/OpenRCT2/blob/11513222890717e81431c83a28aafb7555f2ccd2/src/openrct2/ride/rtd/coaster/SideFrictionRollerCoaster.h
54,steel_wild_mouse,steel-wild-mouse,rollerCoaster,3,16;24;4;7,4,4;6,endStation,continuousCircuit;continuousCircuitBlockSectioned,reconstructed implementation; original comparison unresolved,src/openrct2/ride/rtd/coaster/SteelWildMouse.h,https://github.com/OpenRCT2/OpenRCT2/blob/11513222890717e81431c83a28aafb7555f2ccd2/src/openrct2/ride/rtd/coaster/SteelWildMouse.h
55,multi_dimension_rc,multi-dimension-rc,rollerCoaster,1,40;24;8;11,78,4;6,endStation,continuousCircuit;continuousCircuitBlockSectioned,reconstructed implementation; original comparison unresolved,src/openrct2/ride/rtd/coaster/MultiDimensionRollerCoaster.h,https://github.com/OpenRCT2/OpenRCT2/blob/11513222890717e81431c83a28aafb7555f2ccd2/src/openrct2/ride/rtd/coaster/MultiDimensionRollerCoaster.h
57,flying_rc,flying-rc,rollerCoaster,1,30;24;8;11,35,4;6,endStation,continuousCircuit;continuousCircuitBlockSectioned,reconstructed implementation; original comparison unresolved,src/openrct2/ride/rtd/coaster/FlyingRollerCoaster.h,https://github.com/OpenRCT2/OpenRCT2/blob/11513222890717e81431c83a28aafb7555f2ccd2/src/openrct2/ride/rtd/coaster/FlyingRollerCoaster.h
59,virginia_reel,virginia-reel,rollerCoaster,1,14;24;6;7,15,3;5,endStation,continuousCircuit,reconstructed implementation; original comparison unresolved,src/openrct2/ride/rtd/coaster/VirginiaReel.h,https://github.com/OpenRCT2/OpenRCT2/blob/11513222890717e81431c83a28aafb7555f2ccd2/src/openrct2/ride/rtd/coaster/VirginiaReel.h
60,splash_boats,splash-boats,water,1,16;24;7;11,255,5;5,endStation,continuousCircuit,reconstructed implementation; original comparison unresolved,src/openrct2/ride/rtd/water/SplashBoats.h,https://github.com/OpenRCT2/OpenRCT2/blob/11513222890717e81431c83a28aafb7555f2ccd2/src/openrct2/ride/rtd/water/SplashBoats.h
61,mini_helicopters,mini-helicopters,gentle,1,7;24;4;7,2,5;5,endStation,continuousCircuit,reconstructed implementation; original comparison unresolved,src/openrct2/ride/rtd/gentle/MiniHelicopters.h,https://github.com/OpenRCT2/OpenRCT2/blob/11513222890717e81431c83a28aafb7555f2ccd2/src/openrct2/ride/rtd/gentle/MiniHelicopters.h
62,lay_down_rc,lay-down-rc,rollerCoaster,1,26;24;8;11,25,4;6,endStation,continuousCircuit;continuousCircuitBlockSectioned,reconstructed implementation; original comparison unresolved,src/openrct2/ride/rtd/coaster/LayDownRollerCoaster.h,https://github.com/OpenRCT2/OpenRCT2/blob/11513222890717e81431c83a28aafb7555f2ccd2/src/openrct2/ride/rtd/coaster/LayDownRollerCoaster.h
63,suspended_monorail,suspended-monorail,transport,1,12;40;32;8,78,5;5,endStation,continuousCircuit;shuttle,reconstructed implementation; original comparison unresolved,src/openrct2/ride/rtd/transport/SuspendedMonorail.h,https://github.com/OpenRCT2/OpenRCT2/blob/11513222890717e81431c83a28aafb7555f2ccd2/src/openrct2/ride/rtd/transport/SuspendedMonorail.h
65,reverser_rc,reverser-rc,rollerCoaster,1,18;24;8;11,15,3;5,endStation,continuousCircuit,reconstructed implementation; original comparison unresolved,src/openrct2/ride/rtd/coaster/ReverserRollerCoaster.h,https://github.com/OpenRCT2/OpenRCT2/blob/11513222890717e81431c83a28aafb7555f2ccd2/src/openrct2/ride/rtd/coaster/ReverserRollerCoaster.h
66,heartline_twister_rc,heartline-twister-rc,rollerCoaster,2,22;24;15;9,18,4;6,endStation,continuousCircuit,reconstructed implementation; original comparison unresolved,src/openrct2/ride/rtd/coaster/HeartlineTwisterCoaster.h,https://github.com/OpenRCT2/OpenRCT2/blob/11513222890717e81431c83a28aafb7555f2ccd2/src/openrct2/ride/rtd/coaster/HeartlineTwisterCoaster.h
67,mini_golf,mini-golf,gentle,1,7;32;2;2,255,5;5,endStation,continuousCircuit,reconstructed implementation; original comparison unresolved,src/openrct2/ride/rtd/gentle/MiniGolf.h,https://github.com/OpenRCT2/OpenRCT2/blob/11513222890717e81431c83a28aafb7555f2ccd2/src/openrct2/ride/rtd/gentle/MiniGolf.h
68,giga_rc,giga-rc,rollerCoaster,1,86;24;9;11,31,5;8,endStation,continuousCircuit;continuousCircuitBlockSectioned,reconstructed implementation; original comparison unresolved,src/openrct2/ride/rtd/coaster/GigaCoaster.h,https://github.com/OpenRCT2/OpenRCT2/blob/11513222890717e81431c83a28aafb7555f2ccd2/src/openrct2/ride/rtd/coaster/GigaCoaster.h
69,roto_drop,roto-drop,thrill,1,255;32;3;2,15,5;5,towerBase,freefallDrop,reconstructed implementation; original comparison unresolved,src/openrct2/ride/rtd/thrill/RotoDrop.h,https://github.com/OpenRCT2/OpenRCT2/blob/11513222890717e81431c83a28aafb7555f2ccd2/src/openrct2/ride/rtd/thrill/RotoDrop.h
70,flying_saucers,flying-saucers,gentle,1,9;48;2;2,255,5;5,flatTrack4x4,dodgems,reconstructed implementation; original comparison unresolved,src/openrct2/ride/rtd/gentle/FlyingSaucers.h,https://github.com/OpenRCT2/OpenRCT2/blob/11513222890717e81431c83a28aafb7555f2ccd2/src/openrct2/ride/rtd/gentle/FlyingSaucers.h
71,crooked_house,crooked-house,gentle,1,16;96;3;2,255,5;5,flatTrack3x3,crookedHouse,reconstructed implementation; original comparison unresolved,src/openrct2/ride/rtd/gentle/CrookedHouse.h,https://github.com/OpenRCT2/OpenRCT2/blob/11513222890717e81431c83a28aafb7555f2ccd2/src/openrct2/ride/rtd/gentle/CrookedHouse.h
72,monorail_cycles,monorail-cycles,gentle,1,5;24;8;7,2,5;5,endStation,continuousCircuit,reconstructed implementation; original comparison unresolved,src/openrct2/ride/rtd/gentle/MonorailCycles.h,https://github.com/OpenRCT2/OpenRCT2/blob/11513222890717e81431c83a28aafb7555f2ccd2/src/openrct2/ride/rtd/gentle/MonorailCycles.h
73,compact_inverted_rc,compact-inverted-rc,rollerCoaster,3,27;40;29;8,18,4;6,endStation,continuousCircuit;continuousCircuitBlockSectioned;reverseInclineLaunchedShuttle,reconstructed implementation; original comparison unresolved,src/openrct2/ride/rtd/coaster/CompactInvertedCoaster.h,https://github.com/OpenRCT2/OpenRCT2/blob/11513222890717e81431c83a28aafb7555f2ccd2/src/openrct2/ride/rtd/coaster/CompactInvertedCoaster.h
74,water_coaster,water-coaster,rollerCoaster,1,18;24;4;7,13,4;6,endStation,continuousCircuit;continuousCircuitBlockSectioned,reconstructed implementation; original comparison unresolved,src/openrct2/ride/rtd/coaster/WaterCoaster.h,https://github.com/OpenRCT2/OpenRCT2/blob/11513222890717e81431c83a28aafb7555f2ccd2/src/openrct2/ride/rtd/coaster/WaterCoaster.h
75,air_powered_vertical_rc,air-powered-vertical-rc,rollerCoaster,1,255;32;4;7,255,5;5,endStation,poweredLaunchPassthrough;poweredLaunch,reconstructed implementation; original comparison unresolved,src/openrct2/ride/rtd/coaster/AirPoweredVerticalCoaster.h,https://github.com/OpenRCT2/OpenRCT2/blob/11513222890717e81431c83a28aafb7555f2ccd2/src/openrct2/ride/rtd/coaster/AirPoweredVerticalCoaster.h
76,inverted_hairpin_rc,inverted-hairpin-rc,rollerCoaster,1,16;24;24;7,4,4;6,endStation,continuousCircuit;continuousCircuitBlockSectioned,reconstructed implementation; original comparison unresolved,src/openrct2/ride/rtd/coaster/InvertedHairpinCoaster.h,https://github.com/OpenRCT2/OpenRCT2/blob/11513222890717e81431c83a28aafb7555f2ccd2/src/openrct2/ride/rtd/coaster/InvertedHairpinCoaster.h
77,magic_carpet,magic-carpet,thrill,1,15;176;7;11,255,5;5,flatTrack1x4A,swing,reconstructed implementation; original comparison unresolved,src/openrct2/ride/rtd/thrill/MagicCarpet.h,https://github.com/OpenRCT2/OpenRCT2/blob/11513222890717e81431c83a28aafb7555f2ccd2/src/openrct2/ride/rtd/thrill/MagicCarpet.h
78,submarine_ride,submarine-ride,water,1,255;16;0;3,255,5;5,endStation,continuousCircuit,reconstructed implementation; original comparison unresolved,src/openrct2/ride/rtd/water/SubmarineRide.h,https://github.com/OpenRCT2/OpenRCT2/blob/11513222890717e81431c83a28aafb7555f2ccd2/src/openrct2/ride/rtd/water/SubmarineRide.h
79,river_rafts,river-rafts,water,1,12;24;7;11,255,5;5,endStation,continuousCircuit,reconstructed implementation; original comparison unresolved,src/openrct2/ride/rtd/water/RiverRafts.h,https://github.com/OpenRCT2/OpenRCT2/blob/11513222890717e81431c83a28aafb7555f2ccd2/src/openrct2/ride/rtd/water/RiverRafts.h
81,enterprise,enterprise,thrill,1,16;160;3;2,255,5;5,flatTrack4x4,rotation,reconstructed implementation; original comparison unresolved,src/openrct2/ride/rtd/thrill/Enterprise.h,https://github.com/OpenRCT2/OpenRCT2/blob/11513222890717e81431c83a28aafb7555f2ccd2/src/openrct2/ride/rtd/thrill/Enterprise.h
86,inverted_impulse_rc,inverted-impulse-rc,rollerCoaster,1,45;40;29;8,23,4;7,endStation,poweredLaunchPassthrough;poweredLaunch,reconstructed implementation; original comparison unresolved,src/openrct2/ride/rtd/coaster/InvertedImpulseCoaster.h,https://github.com/OpenRCT2/OpenRCT2/blob/11513222890717e81431c83a28aafb7555f2ccd2/src/openrct2/ride/rtd/coaster/InvertedImpulseCoaster.h
87,mini_rc,mini-rc,rollerCoaster,3,16;24;9;11,10,4;6,endStation,continuousCircuit;continuousCircuitBlockSectioned,reconstructed implementation; original comparison unresolved,src/openrct2/ride/rtd/coaster/MiniRollerCoaster.h,https://github.com/OpenRCT2/OpenRCT2/blob/11513222890717e81431c83a28aafb7555f2ccd2/src/openrct2/ride/rtd/coaster/MiniRollerCoaster.h
88,mine_ride,mine-ride,rollerCoaster,1,13;24;9;11,27,5;5,endStation,continuousCircuit,reconstructed implementation; original comparison unresolved,src/openrct2/ride/rtd/coaster/MineRide.h,https://github.com/OpenRCT2/OpenRCT2/blob/11513222890717e81431c83a28aafb7555f2ccd2/src/openrct2/ride/rtd/coaster/MineRide.h
90,lim_launched_rc,lim-launched-rc,rollerCoaster,1,35;24;5;7,18,4;6,endStation,poweredLaunchPassthrough;poweredLaunch;poweredLaunchBlockSectioned,reconstructed implementation; original comparison unresolved,src/openrct2/ride/rtd/coaster/LIMLaunchedRollerCoaster.h,https://github.com/OpenRCT2/OpenRCT2/blob/11513222890717e81431c83a28aafb7555f2ccd2/src/openrct2/ride/rtd/coaster/LIMLaunchedRollerCoaster.h
