reference_product,object_product_token,record_kind,stock_cost_tenths,value_normal_tenths,value_hot_tenths,value_cold_tenths,default_price_tenths,flags,litter_type,consumption_native,discard_container,evidence,source_url
balloon,balloon,purchasable,3,14,14,14,9,IS_SOUVENIR;IS_RECOLOURABLE,rubbish,0,none,reconstructed implementation; original runtime unresolved,https://github.com/OpenRCT2/OpenRCT2/blob/11513222890717e81431c83a28aafb7555f2ccd2/src/openrct2/ride/ShopItem.cpp
toy,toy,purchasable,15,30,30,30,25,IS_SOUVENIR,rubbish,0,none,reconstructed implementation; original runtime unresolved,https://github.com/OpenRCT2/OpenRCT2/blob/11513222890717e81431c83a28aafb7555f2ccd2/src/openrct2/ride/ShopItem.cpp
map,map,purchasable,1,7,7,8,6,IS_SOUVENIR,rubbish,0,none,reconstructed implementation; original runtime unresolved,https://github.com/OpenRCT2/OpenRCT2/blob/11513222890717e81431c83a28aafb7555f2ccd2/src/openrct2/ride/ShopItem.cpp
photo,photo,purchasable,2,30,30,30,0,IS_PHOTO;IS_SOUVENIR,rubbish,0,none,reconstructed implementation; original runtime unresolved,https://github.com/OpenRCT2/OpenRCT2/blob/11513222890717e81431c83a28aafb7555f2ccd2/src/openrct2/ride/ShopItem.cpp
umbrella,umbrella,purchasable,20,35,25,50,25,IS_SOUVENIR;IS_RECOLOURABLE,rubbish,0,none,reconstructed implementation; original runtime unresolved,https://github.com/OpenRCT2/OpenRCT2/blob/11513222890717e81431c83a28aafb7555f2ccd2/src/openrct2/ride/ShopItem.cpp
drink,drink,purchasable,3,12,20,10,12,IS_DRINK,rubbish,100,emptyCan,reconstructed implementation; original runtime unresolved,https://github.com/OpenRCT2/OpenRCT2/blob/11513222890717e81431c83a28aafb7555f2ccd2/src/openrct2/ride/ShopItem.cpp
burger,burger,purchasable,5,19,19,22,15,IS_FOOD,rubbish,150,emptyBurgerBox,reconstructed implementation; original runtime unresolved,https://github.com/OpenRCT2/OpenRCT2/blob/11513222890717e81431c83a28aafb7555f2ccd2/src/openrct2/ride/ShopItem.cpp
chips,chips,purchasable,4,16,16,18,15,IS_FOOD,rubbish,120,rubbish,reconstructed implementation; original runtime unresolved,https://github.com/OpenRCT2/OpenRCT2/blob/11513222890717e81431c83a28aafb7555f2ccd2/src/openrct2/ride/ShopItem.cpp
iceCream,ice_cream,purchasable,4,10,15,6,9,IS_FOOD,rubbish,60,none,reconstructed implementation; original runtime unresolved,https://github.com/OpenRCT2/OpenRCT2/blob/11513222890717e81431c83a28aafb7555f2ccd2/src/openrct2/ride/ShopItem.cpp
candyfloss,candyfloss,purchasable,3,9,9,6,8,IS_FOOD,rubbish,50,none,reconstructed implementation; original runtime unresolved,https://github.com/OpenRCT2/OpenRCT2/blob/11513222890717e81431c83a28aafb7555f2ccd2/src/openrct2/ride/ShopItem.cpp
emptyCan,empty_can,container,0,0,0,0,0,IS_CONTAINER,emptyCan,0,none,reconstructed implementation; original runtime unresolved,https://github.com/OpenRCT2/OpenRCT2/blob/11513222890717e81431c83a28aafb7555f2ccd2/src/openrct2/ride/ShopItem.cpp
rubbish,rubbish,container,0,0,0,0,0,IS_CONTAINER,rubbish,0,none,reconstructed implementation; original runtime unresolved,https://github.com/OpenRCT2/OpenRCT2/blob/11513222890717e81431c83a28aafb7555f2ccd2/src/openrct2/ride/ShopItem.cpp
emptyBurgerBox,empty_burger_box,container,0,0,0,0,0,IS_CONTAINER,burgerBox,0,none,reconstructed implementation; original runtime unresolved,https://github.com/OpenRCT2/OpenRCT2/blob/11513222890717e81431c83a28aafb7555f2ccd2/src/openrct2/ride/ShopItem.cpp
pizza,pizza,purchasable,6,21,21,25,16,IS_FOOD,rubbish,150,rubbish,reconstructed implementation; original runtime unresolved,https://github.com/OpenRCT2/OpenRCT2/blob/11513222890717e81431c83a28aafb7555f2ccd2/src/openrct2/ride/ShopItem.cpp
voucher,voucher,non-product sentinel,0,0,0,0,0,,rubbish,0,none,reconstructed implementation; original runtime unresolved,https://github.com/OpenRCT2/OpenRCT2/blob/11513222890717e81431c83a28aafb7555f2ccd2/src/openrct2/ride/ShopItem.cpp
popcorn,popcorn,purchasable,5,13,13,11,12,IS_FOOD,rubbish,75,rubbish,reconstructed implementation; original runtime unresolved,https://github.com/OpenRCT2/OpenRCT2/blob/11513222890717e81431c83a28aafb7555f2ccd2/src/openrct2/ride/ShopItem.cpp
hotDog,hot_dog,purchasable,5,17,17,20,10,IS_FOOD,rubbish,133,none,reconstructed implementation; original runtime unresolved,https://github.com/OpenRCT2/OpenRCT2/blob/11513222890717e81431c83a28aafb7555f2ccd2/src/openrct2/ride/ShopItem.cpp
tentacle,tentacle,purchasable,11,22,20,18,15,IS_FOOD,rubbish,110,none,reconstructed implementation; original runtime unresolved,https://github.com/OpenRCT2/OpenRCT2/blob/11513222890717e81431c83a28aafb7555f2ccd2/src/openrct2/ride/ShopItem.cpp
hat,hat,purchasable,9,27,32,24,15,IS_SOUVENIR;IS_RECOLOURABLE,rubbish,0,none,reconstructed implementation; original runtime unresolved,https://github.com/OpenRCT2/OpenRCT2/blob/11513222890717e81431c83a28aafb7555f2ccd2/src/openrct2/ride/ShopItem.cpp
toffeeApple,toffee_apple,purchasable,4,10,10,10,7,IS_FOOD,rubbish,50,none,reconstructed implementation; original runtime unresolved,https://github.com/OpenRCT2/OpenRCT2/blob/11513222890717e81431c83a28aafb7555f2ccd2/src/openrct2/ride/ShopItem.cpp
tShirt,tshirt,purchasable,20,37,37,37,30,IS_SOUVENIR;IS_RECOLOURABLE,rubbish,0,none,reconstructed implementation; original runtime unresolved,https://github.com/OpenRCT2/OpenRCT2/blob/11513222890717e81431c83a28aafb7555f2ccd2/src/openrct2/ride/ShopItem.cpp
doughnut,doughnut,purchasable,4,8,7,10,7,IS_FOOD,rubbish,80,none,reconstructed implementation; original runtime unresolved,https://github.com/OpenRCT2/OpenRCT2/blob/11513222890717e81431c83a28aafb7555f2ccd2/src/openrct2/ride/ShopItem.cpp
coffee,coffee,purchasable,3,11,15,20,12,IS_DRINK,rubbish,90,emptyCup,reconstructed implementation; original runtime unresolved,https://github.com/OpenRCT2/OpenRCT2/blob/11513222890717e81431c83a28aafb7555f2ccd2/src/openrct2/ride/ShopItem.cpp
emptyCup,empty_cup,container,0,0,0,0,0,IS_CONTAINER,emptyCup,0,none,reconstructed implementation; original runtime unresolved,https://github.com/OpenRCT2/OpenRCT2/blob/11513222890717e81431c83a28aafb7555f2ccd2/src/openrct2/ride/ShopItem.cpp
chicken,chicken,purchasable,5,19,19,22,15,IS_FOOD,emptyBox,170,emptyBox,reconstructed implementation; original runtime unresolved,https://github.com/OpenRCT2/OpenRCT2/blob/11513222890717e81431c83a28aafb7555f2ccd2/src/openrct2/ride/ShopItem.cpp
lemonade,lemonade,purchasable,4,11,21,10,12,IS_DRINK,emptyBottle,115,emptyBottle,reconstructed implementation; original runtime unresolved,https://github.com/OpenRCT2/OpenRCT2/blob/11513222890717e81431c83a28aafb7555f2ccd2/src/openrct2/ride/ShopItem.cpp
emptyBox,empty_box,container,0,0,0,0,0,IS_CONTAINER,emptyBox,0,none,reconstructed implementation; original runtime unresolved,https://github.com/OpenRCT2/OpenRCT2/blob/11513222890717e81431c83a28aafb7555f2ccd2/src/openrct2/ride/ShopItem.cpp
emptyBottle,empty_bottle,container,0,0,0,0,0,IS_CONTAINER,emptyBottle,0,none,reconstructed implementation; original runtime unresolved,https://github.com/OpenRCT2/OpenRCT2/blob/11513222890717e81431c83a28aafb7555f2ccd2/src/openrct2/ride/ShopItem.cpp
admission,admission,non-product sentinel,0,0,0,0,0,,vomit,255,none,reconstructed implementation; original runtime unresolved,https://github.com/OpenRCT2/OpenRCT2/blob/11513222890717e81431c83a28aafb7555f2ccd2/src/openrct2/ride/ShopItem.cpp
photo2,photo2,purchasable,2,30,30,30,0,IS_PHOTO;IS_SOUVENIR,rubbish,0,none,reconstructed implementation; original runtime unresolved,https://github.com/OpenRCT2/OpenRCT2/blob/11513222890717e81431c83a28aafb7555f2ccd2/src/openrct2/ride/ShopItem.cpp
photo3,photo3,purchasable,2,30,30,30,0,IS_PHOTO;IS_SOUVENIR,rubbish,0,none,reconstructed implementation; original runtime unresolved,https://github.com/OpenRCT2/OpenRCT2/blob/11513222890717e81431c83a28aafb7555f2ccd2/src/openrct2/ride/ShopItem.cpp
photo4,photo4,purchasable,2,30,30,30,0,IS_PHOTO;IS_SOUVENIR,rubbish,0,none,reconstructed implementation; original runtime unresolved,https://github.com/OpenRCT2/OpenRCT2/blob/11513222890717e81431c83a28aafb7555f2ccd2/src/openrct2/ride/ShopItem.cpp
pretzel,pretzel,purchasable,5,11,11,11,11,IS_FOOD,rubbish,70,none,reconstructed implementation; original runtime unresolved,https://github.com/OpenRCT2/OpenRCT2/blob/11513222890717e81431c83a28aafb7555f2ccd2/src/openrct2/ride/ShopItem.cpp
chocolate,chocolate,purchasable,4,13,13,20,12,IS_DRINK,rubbish,85,emptyCup,reconstructed implementation; original runtime unresolved,https://github.com/OpenRCT2/OpenRCT2/blob/11513222890717e81431c83a28aafb7555f2ccd2/src/openrct2/ride/ShopItem.cpp
icedTea,iced_tea,purchasable,3,10,20,10,11,IS_DRINK,rubbish,95,emptyCup,reconstructed implementation; original runtime unresolved,https://github.com/OpenRCT2/OpenRCT2/blob/11513222890717e81431c83a28aafb7555f2ccd2/src/openrct2/ride/ShopItem.cpp
funnelCake,funnel_cake,purchasable,5,13,11,14,12,IS_FOOD,rubbish,90,none,reconstructed implementation; original runtime unresolved,https://github.com/OpenRCT2/OpenRCT2/blob/11513222890717e81431c83a28aafb7555f2ccd2/src/openrct2/ride/ShopItem.cpp
sunglasses,sunglasses,purchasable,8,15,20,12,15,IS_SOUVENIR,rubbish,0,none,reconstructed implementation; original runtime unresolved,https://github.com/OpenRCT2/OpenRCT2/blob/11513222890717e81431c83a28aafb7555f2ccd2/src/openrct2/ride/ShopItem.cpp
beefNoodles,beef_noodles,purchasable,7,17,17,20,15,IS_FOOD,rubbish,130,emptyBowlBlue,reconstructed implementation; original runtime unresolved,https://github.com/OpenRCT2/OpenRCT2/blob/11513222890717e81431c83a28aafb7555f2ccd2/src/openrct2/ride/ShopItem.cpp
friedRiceNoodles,fried_rice_noodles,purchasable,6,17,17,20,15,IS_FOOD,rubbish,120,emptyBowlBlue,reconstructed implementation; original runtime unresolved,https://github.com/OpenRCT2/OpenRCT2/blob/11513222890717e81431c83a28aafb7555f2ccd2/src/openrct2/ride/ShopItem.cpp
wontonSoup,wonton_soup,purchasable,4,13,13,15,15,IS_FOOD,rubbish,100,emptyBowlRed,reconstructed implementation; original runtime unresolved,https://github.com/OpenRCT2/OpenRCT2/blob/11513222890717e81431c83a28aafb7555f2ccd2/src/openrct2/ride/ShopItem.cpp
meatballSoup,meatball_soup,purchasable,5,14,14,16,15,IS_FOOD,rubbish,110,emptyBowlRed,reconstructed implementation; original runtime unresolved,https://github.com/OpenRCT2/OpenRCT2/blob/11513222890717e81431c83a28aafb7555f2ccd2/src/openrct2/ride/ShopItem.cpp
fruitJuice,fruit_juice,purchasable,4,11,19,11,12,IS_DRINK,rubbish,110,emptyJuiceCup,reconstructed implementation; original runtime unresolved,https://github.com/OpenRCT2/OpenRCT2/blob/11513222890717e81431c83a28aafb7555f2ccd2/src/openrct2/ride/ShopItem.cpp
soybeanMilk,soybean_milk,purchasable,4,10,14,10,12,IS_DRINK,rubbish,90,emptyDrinkCarton,reconstructed implementation; original runtime unresolved,https://github.com/OpenRCT2/OpenRCT2/blob/11513222890717e81431c83a28aafb7555f2ccd2/src/openrct2/ride/ShopItem.cpp
sujeonggwa,sujeonggwa,purchasable,3,11,14,11,12,IS_DRINK,rubbish,100,emptyDrinkCarton,reconstructed implementation; original runtime unresolved,https://github.com/OpenRCT2/OpenRCT2/blob/11513222890717e81431c83a28aafb7555f2ccd2/src/openrct2/ride/ShopItem.cpp
subSandwich,sub_sandwich,purchasable,5,19,19,17,15,IS_FOOD,rubbish,130,none,reconstructed implementation; original runtime unresolved,https://github.com/OpenRCT2/OpenRCT2/blob/11513222890717e81431c83a28aafb7555f2ccd2/src/openrct2/ride/ShopItem.cpp
cookie,cookie,purchasable,4,8,8,8,7,IS_FOOD,rubbish,75,none,reconstructed implementation; original runtime unresolved,https://github.com/OpenRCT2/OpenRCT2/blob/11513222890717e81431c83a28aafb7555f2ccd2/src/openrct2/ride/ShopItem.cpp
emptyBowlRed,empty_bowl_red,container,0,0,0,0,0,IS_CONTAINER,emptyBowlRed,0,none,reconstructed implementation; original runtime unresolved,https://github.com/OpenRCT2/OpenRCT2/blob/11513222890717e81431c83a28aafb7555f2ccd2/src/openrct2/ride/ShopItem.cpp
emptyDrinkCarton,empty_drink_carton,container,0,0,0,0,0,IS_CONTAINER,emptyDrinkCarton,0,none,reconstructed implementation; original runtime unresolved,https://github.com/OpenRCT2/OpenRCT2/blob/11513222890717e81431c83a28aafb7555f2ccd2/src/openrct2/ride/ShopItem.cpp
emptyJuiceCup,empty_juice_cup,container,0,0,0,0,0,IS_CONTAINER,emptyJuiceCup,0,none,reconstructed implementation; original runtime unresolved,https://github.com/OpenRCT2/OpenRCT2/blob/11513222890717e81431c83a28aafb7555f2ccd2/src/openrct2/ride/ShopItem.cpp
roastSausage,roast_sausage,purchasable,5,16,16,20,15,IS_FOOD,rubbish,115,none,reconstructed implementation; original runtime unresolved,https://github.com/OpenRCT2/OpenRCT2/blob/11513222890717e81431c83a28aafb7555f2ccd2/src/openrct2/ride/ShopItem.cpp
emptyBowlBlue,empty_bowl_blue,container,0,0,0,0,0,IS_CONTAINER,emptyBowlBlue,0,none,reconstructed implementation; original runtime unresolved,https://github.com/OpenRCT2/OpenRCT2/blob/11513222890717e81431c83a28aafb7555f2ccd2/src/openrct2/ride/ShopItem.cpp
